Date,Demand,Lead_Time,Inventory_Level,Order_Quantity,Supplier_Reliability
2024-01-01,47,3,87,51,0.8883068020757794
2024-01-02,55,4,103,54,0.8981227151796398
2024-01-03,42,10,110,40,0.9697535170562629
2024-01-04,52,6,56,50,0.9412116229276062
2024-01-05,58,10,99,67,0.898090881703957
2024-01-06,43,3,103,33,0.851539129637836
2024-01-07,46,2,94,52,0.9769853493689933
2024-01-08,49,6,125,50,0.9154040803381117
2024-01-09,52,5,108,51,0.8442295220221387
2024-01-10,45,10,126,39,0.8538239505276021
2024-01-11,49,5,95,56,0.9606266177872492
2024-01-12,43,10,118,47,0.8088291124174911
2024-01-13,52,5,132,47,0.9984184374057641
2024-01-14,52,10,126,48,0.8260703359429584
2024-01-15,46,5,78,52,0.9592137050793875
2024-01-16,54,3,94,49,0.8789550633543366
2024-01-17,40,7,93,37,0.8984432366574934
2024-01-18,45,6,109,46,0.9761301154929156
2024-01-19,46,4,113,49,0.8825822379178426
2024-01-20,51,2,83,52,0.9074987507346469
2024-01-21,64,9,101,63,0.8098599324818341
2024-01-22,52,1,59,61,0.8004694947734907
2024-01-23,38,4,128,42,0.8489599746003452
2024-01-24,33,1,89,29,0.9361166185837535
2024-01-25,48,6,101,46,0.8242529786718273
2024-01-26,58,4,93,57,0.82275239176091
2024-01-27,45,5,122,44,0.8821921216071806
2024-01-28,41,5,43,46,0.9295674077216454
2024-01-29,56,9,99,52,0.9424143984495861
2024-01-30,54,1,97,48,0.835690134819675
2024-01-31,56,2,90,48,0.8159176294744085
2024-02-01,47,6,134,54,0.9880794067891088
2024-02-02,59,5,82,59,0.8521332765124203
2024-02-03,46,7,115,50,0.9706692995217447
2024-02-04,46,3,107,55,0.9726982900925637
2024-02-05,55,3,125,49,0.9545045183525089
2024-02-06,60,10,86,61,0.8337667213305141
2024-02-07,40,2,85,33,0.96436029185084
2024-02-08,56,3,121,60,0.9538501118483174
2024-02-09,56,10,108,54,0.9193445980212435
2024-02-10,50,1,69,46,0.8674404070337906
2024-02-11,46,5,89,45,0.8525017208533089
2024-02-12,61,5,107,63,0.8243778424160718
2024-02-13,48,7,116,45,0.9019514133801743
2024-02-14,44,4,86,45,0.9170521751019693
2024-02-15,45,3,41,53,0.8718677981031575
2024-02-16,63,1,110,53,0.8950718135361737
2024-02-17,53,8,75,58,0.8727028914738534
2024-02-18,57,3,59,63,0.9282012114641403
2024-02-19,60,2,43,67,0.9802518415593127
2024-02-20,46,4,116,46,0.832784052409389
2024-02-21,44,3,102,51,0.8762817619806247
2024-02-22,48,1,95,44,0.8281737207901723
2024-02-23,40,3,127,47,0.9249887540815664
2024-02-24,65,2,112,62,0.9457741018977192
2024-02-25,50,8,132,45,0.9863825465194912
2024-02-26,69,6,72,65,0.8557743852521931
2024-02-27,50,9,99,49,0.990042241173086
2024-02-28,45,8,67,45,0.812652534364135
2024-02-29,52,10,95,54,0.9206027726729177
2024-03-01,34,3,95,32,0.8114265438686661
2024-03-02,61,5,112,57,0.978754837552389
2024-03-03,41,7,100,39,0.9059618114140109
2024-03-04,54,5,112,56,0.9338696701525593
2024-03-05,44,8,114,36,0.9663147851820906
2024-03-06,47,5,143,39,0.8300621244967938
2024-03-07,53,1,93,43,0.8077183123876268
2024-03-08,39,5,81,48,0.9757762291825705
2024-03-09,46,4,104,37,0.8629866454917865
2024-03-10,54,6,83,46,0.8257957815854331
2024-03-11,50,3,129,54,0.8936922474174174
2024-03-12,53,5,94,48,0.9196612151392037
2024-03-13,54,2,88,56,0.806194120684502
2024-03-14,64,6,90,54,0.8549791316514176
2024-03-15,47,6,114,56,0.8065599748553792
2024-03-16,45,5,96,53,0.8840670778390998
2024-03-17,57,6,87,47,0.9790200058132489
2024-03-18,51,7,133,42,0.9965304822987138
2024-03-19,39,5,82,43,0.9274095107007255
2024-03-20,61,1,100,64,0.8323275387569185
2024-03-21,47,8,113,55,0.9811698779998612
2024-03-22,60,4,67,60,0.9032495646400122
2024-03-23,53,9,109,57,0.8307498624205837
2024-03-24,52,10,78,47,0.9843453338903323
2024-03-25,39,6,116,48,0.9514938101446206
2024-03-26,51,1,80,49,0.9463410545446304
2024-03-27,53,3,113,47,0.9418361407588809
2024-03-28,55,3,122,64,0.8400679642192885
2024-03-29,46,10,117,37,0.8422013383415052
2024-03-30,53,4,105,48,0.937658599685451
2024-03-31,53,6,95,60,0.8439445500220795
2024-04-01,39,7,88,47,0.8877343393606097
2024-04-02,45,10,129,43,0.9564003651187882
2024-04-03,60,4,86,55,0.9567905036195682
2024-04-04,57,6,79,60,0.890652354505172
2024-04-05,52,1,113,54,0.9584379876550491
2024-04-06,43,8,84,43,0.9677243592396114
2024-04-07,45,7,80,46,0.930955150256852
2024-04-08,53,9,71,61,0.8456851704616841
2024-04-09,62,3,90,70,0.8548023560771095
2024-04-10,48,2,98,56,0.8629682310817471
2024-04-11,45,1,104,47,0.8233608215467905
2024-04-12,58,3,119,61,0.854631924073989
2024-04-13,42,5,110,49,0.8419038448625065
2024-04-14,64,2,96,65,0.8910657499617205
2024-04-15,51,3,96,44,0.981687509574453
2024-04-16,41,4,110,40,0.8208960633507917
2024-04-17,60,7,125,66,0.9440535847894791
2024-04-18,54,3,102,47,0.9374566008826255
2024-04-19,47,9,90,48,0.8191508397326716
2024-04-20,57,8,80,59,0.98451448098116
2024-04-21,50,4,71,43,0.9136944404313639
2024-04-22,57,1,113,56,0.8727451042271369
2024-04-23,54,1,111,46,0.9513077166990613
2024-04-24,60,1,111,64,0.8514730916803268
2024-04-25,47,1,97,38,0.938701967409264
2024-04-26,52,8,128,58,0.8079422415144495
2024-04-27,49,3,90,44,0.9678816075218544
2024-04-28,45,6,119,42,0.8896341694042638
2024-04-29,29,3,99,21,0.9273385828715883
2024-04-30,57,5,87,64,0.8442475639613367
2024-05-01,41,7,111,31,0.9354147425316897
2024-05-02,56,2,108,61,0.9544480551786554
2024-05-03,53,6,107,49,0.8946426373768798
2024-05-04,34,6,101,26,0.9235453848123589
2024-05-05,51,3,99,44,0.8912651847644797
2024-05-06,50,6,147,48,0.9788182738515692
2024-05-07,57,10,123,51,0.8995738361028639
2024-05-08,49,10,114,57,0.9683617418057637
2024-05-09,58,5,102,62,0.9602704116540497
2024-05-10,48,2,120,45,0.8821009642696713
2024-05-11,42,9,110,37,0.8460168983714951
2024-05-12,51,8,100,58,0.8812164265119542
2024-05-13,53,3,93,61,0.965243475155044
2024-05-14,51,8,98,55,0.8455265071638784
2024-05-15,48,9,36,44,0.9048872691715499
2024-05-16,47,3,104,46,0.9612193495921495
2024-05-17,33,3,90,28,0.8706954950256758
2024-05-18,59,2,131,62,0.9284419274005395
2024-05-19,49,8,100,55,0.849126314809763
2024-05-20,50,10,76,48,0.821855889073632
2024-05-21,42,1,99,50,0.9588768450185713
2024-05-22,48,8,79,42,0.8197937246817414
2024-05-23,53,7,109,49,0.854276279015917
2024-05-24,47,7,105,55,0.971021884399488
2024-05-25,50,3,119,59,0.8692938574157335
2024-05-26,53,1,84,49,0.9946090699028323
2024-05-27,37,4,100,28,0.995946866954772
2024-05-28,64,9,72,69,0.8536552040907114
2024-05-29,48,5,114,50,0.8081956444499782
2024-05-30,49,1,110,46,0.9410126568410758
2024-05-31,64,5,109,59,0.8901973005296687
2024-06-01,43,8,100,38,0.8201505687919153
2024-06-02,39,8,108,37,0.9415045637956085
2024-06-03,39,5,132,32,0.8062349818223843
2024-06-04,37,9,94,37,0.9740393380984484
2024-06-05,58,1,102,52,0.8277305058226608
2024-06-06,57,4,78,63,0.825462375749345
2024-06-07,40,3,82,49,0.8351344595937169
2024-06-08,53,2,101,49,0.9920532716984133
2024-06-09,55,8,122,59,0.9386338720507692
2024-06-10,45,7,94,49,0.9602743070927273
2024-06-11,55,9,95,58,0.8795269971465507
2024-06-12,47,2,91,49,0.8672625455009911
2024-06-13,47,4,89,47,0.846896801356634
2024-06-14,59,6,105,61,0.8961296056624818
2024-06-15,55,3,70,53,0.9103657467068337
2024-06-16,50,8,125,49,0.9263549687305511
2024-06-17,46,3,86,39,0.851423700799739
2024-06-18,48,2,114,54,0.9897308161805981
2024-06-19,61,3,74,64,0.8339516996414272
2024-06-20,66,6,113,73,0.9931306349532825
2024-06-21,53,2,113,53,0.8029712245015008
2024-06-22,45,8,107,50,0.8962251383633691
2024-06-23,54,1,80,44,0.8666735676233126
2024-06-24,39,7,104,35,0.8898246827860502
2024-06-25,35,2,76,34,0.9141329157961579
2024-06-26,49,10,94,47,0.8871178316025419
2024-06-27,47,6,120,39,0.8829693700603191
2024-06-28,41,2,115,44,0.9465446830826614
2024-06-29,52,2,100,56,0.9371752550172929
2024-06-30,38,10,80,29,0.9666542564071696
2024-07-01,54,8,112,57,0.8499917962478991
2024-07-02,47,2,100,52,0.9219057019508128
2024-07-03,47,7,53,43,0.9170389570785707
2024-07-04,56,3,115,49,0.8739475621745378
2024-07-05,48,8,99,55,0.8972115083805362
2024-07-06,40,7,124,34,0.8627564286611458
2024-07-07,35,8,78,30,0.8283688795233971
2024-07-08,40,7,36,36,0.8427602421325466
2024-07-09,55,6,105,59,0.8211027292802403
2024-07-10,69,7,105,59,0.9366139150380248
2024-07-11,45,5,66,38,0.9321454786218303
2024-07-12,37,7,80,27,0.9901212743159746
2024-07-13,53,1,155,53,0.9459356827294483
2024-07-14,49,1,93,56,0.8104091677512263
2024-07-15,52,9,114,55,0.9768490347857909
2024-07-16,33,5,86,33,0.9725350325891452
2024-07-17,49,5,58,48,0.8886640641545398
2024-07-18,45,3,96,51,0.9171726101055844
2024-07-19,49,5,94,42,0.9952156664945038
2024-07-20,52,3,92,56,0.9064608727696333
2024-07-21,54,9,97,59,0.9810643656752179
2024-07-22,46,9,105,48,0.8166077515620374
2024-07-23,54,6,96,52,0.8382103737417366
2024-07-24,61,1,74,61,0.8881509886882636
2024-07-25,52,7,109,52,0.9169513616674609
2024-07-26,63,7,61,58,0.9632455703725601
2024-07-27,33,10,58,23,0.9976524230286374
2024-07-28,47,10,114,42,0.8777702992948233
2024-07-29,52,4,110,54,0.8094831272280171
2024-07-30,58,8,98,52,0.960234300659065
2024-07-31,48,6,72,52,0.9208761438165616
2024-08-01,58,4,85,65,0.8397085717736403
2024-08-02,49,4,94,58,0.898965691324284
2024-08-03,67,2,68,70,0.9484620491067449
2024-08-04,44,2,85,48,0.9540823574137287
2024-08-05,52,4,113,46,0.8999236823997524
2024-08-06,40,5,128,33,0.8610429060257718
2024-08-07,50,8,91,41,0.9947485164076987
2024-08-08,50,6,115,46,0.9326725221912986
2024-08-09,51,4,61,50,0.8816475038692597
2024-08-10,60,7,113,65,0.8560926448409305
2024-08-11,41,8,83,40,0.9462205966007124
2024-08-12,56,2,106,63,0.8484366891187536
2024-08-13,54,7,95,60,0.8343419977947377
2024-08-14,41,2,126,43,0.9059667777924141
2024-08-15,47,2,82,37,0.8579974785288285
2024-08-16,48,8,112,38,0.925781028984723
2024-08-17,61,2,94,65,0.8235877349748467
2024-08-18,50,9,96,40,0.9309882209134643
2024-08-19,48,1,96,43,0.8566593055995405
2024-08-20,50,9,83,52,0.8000485868869026
2024-08-21,50,1,99,40,0.8253872115348353
2024-08-22,53,10,98,47,0.9867230755670189
2024-08-23,37,10,104,35,0.9734709278230715
2024-08-24,41,2,101,47,0.8467218064072474
2024-08-25,41,6,115,46,0.9556743809090983
2024-08-26,43,6,118,40,0.9217143186347949
2024-08-27,61,1,78,67,0.9941809422899739
2024-08-28,53,7,117,57,0.8747211319068119
2024-08-29,43,8,76,33,0.9362921225034343
2024-08-30,42,2,111,43,0.8127071444847838
2024-08-31,42,8,112,36,0.8792494693632812
2024-09-01,40,9,61,35,0.992763532237636
2024-09-02,43,6,101,33,0.9077961748900242
2024-09-03,50,5,90,40,0.857575900666969
2024-09-04,53,9,84,52,0.8240541926257214
2024-09-05,36,9,127,35,0.9407056680363061
2024-09-06,57,1,86,49,0.9289712086859454
2024-09-07,43,3,83,49,0.874787742720755
2024-09-08,47,9,101,55,0.9901882703731668
2024-09-09,52,2,113,52,0.8044405625975701
2024-09-10,49,4,97,56,0.8607447703263652
2024-09-11,31,4,123,22,0.9842138972599163
2024-09-12,50,2,110,48,0.8641870876638881
2024-09-13,40,3,56,46,0.8504505667710341
2024-09-14,51,3,89,54,0.9068440819862494
2024-09-15,45,1,88,38,0.9647603499841075
2024-09-16,43,6,109,49,0.8206293521756722
2024-09-17,52,8,47,58,0.9886041419291473
2024-09-18,56,3,150,57,0.9590145762362328
2024-09-19,38,5,110,47,0.8362500511103104
2024-09-20,52,1,102,59,0.9424015922396325
2024-09-21,49,10,123,41,0.8769917445275115
2024-09-22,45,7,146,45,0.8804589356152638
2024-09-23,53,10,117,60,0.9566580184877733
2024-09-24,52,1,118,45,0.9925569615961465
2024-09-25,39,9,102,45,0.8253311745694388
2024-09-26,44,8,97,51,0.884126047375764
2024-09-27,43,7,90,37,0.8961883216168607
2024-09-28,38,10,83,41,0.8752623633909995
2024-09-29,40,7,86,39,0.872637824743245
2024-09-30,57,5,72,61,0.8104537335123193
2024-10-01,42,5,98,32,0.9371077241125246
2024-10-02,63,5,66,68,0.8872428834240091
2024-10-03,51,1,103,51,0.8389587605287854
2024-10-04,56,8,99,65,0.9632067004604137
2024-10-05,46,1,102,41,0.9605121496303256
2024-10-06,50,4,89,55,0.8972783256177788
2024-10-07,40,9,161,31,0.8596901322295522
2024-10-08,45,9,127,35,0.9276185451592904
2024-10-09,42,5,75,40,0.8576304271554807
2024-10-10,51,4,104,52,0.8472015860647424
2024-10-11,46,3,87,52,0.9461029308052653
2024-10-12,46,3,79,50,0.8080650479441902
2024-10-13,45,5,73,53,0.8189536942069189
2024-10-14,56,10,108,55,0.801357634804718
2024-10-15,49,1,86,50,0.8305886372950853
2024-10-16,47,5,119,50,0.8137980017420919
2024-10-17,40,6,119,38,0.9991604735559837
2024-10-18,64,7,127,66,0.857761993990818
2024-10-19,51,9,82,43,0.8298536025338495
2024-10-20,41,3,109,44,0.8481992515991836
2024-10-21,43,2,112,42,0.987225114308027
2024-10-22,42,3,90,47,0.9040320446048792
2024-10-23,53,9,84,49,0.8729636192615714
2024-10-24,47,7,132,40,0.9746782915818439
2024-10-25,48,9,104,57,0.8789980541098066
2024-10-26,49,2,112,49,0.8670017139915391
2024-10-27,49,5,83,54,0.8414565045099471
2024-10-28,55,4,75,64,0.8755593647818823
2024-10-29,44,2,88,37,0.8633368712033852
2024-10-30,47,9,97,53,0.9354607918596283
2024-10-31,61,9,78,63,0.8579165409341455
2024-11-01,53,6,99,53,0.9154399492845123
2024-11-02,41,6,66,33,0.8131784330063946
2024-11-03,52,8,77,50,0.8382578313393029
2024-11-04,60,6,113,55,0.8814810543222698
2024-11-05,41,1,112,41,0.9873898507817391
2024-11-06,44,4,92,49,0.8754503971431391
2024-11-07,47,7,79,55,0.9328148242399669
2024-11-08,40,2,79,34,0.8510174444842796
2024-11-09,41,9,92,44,0.8254067151946464
2024-11-10,57,8,112,63,0.8117073200160101
2024-11-11,44,8,118,36,0.8610826997085503
2024-11-12,55,7,90,48,0.8315322053593817
2024-11-13,54,4,76,59,0.8348020896032249
2024-11-14,44,2,105,49,0.9521518616773901
2024-11-15,43,3,83,36,0.8031676141889749
2024-11-16,52,6,89,60,0.911562025147087
2024-11-17,49,5,126,55,0.875892276118693
2024-11-18,42,8,116,44,0.9013099999817095
2024-11-19,50,6,103,40,0.9125660474429206
2024-11-20,63,6,74,64,0.8626735388914557
2024-11-21,54,1,104,47,0.8590217720368571
2024-11-22,52,4,121,52,0.9466803698669811
2024-11-23,48,5,92,42,0.9742553976242314
2024-11-24,49,3,127,40,0.8385163264917056
2024-11-25,59,9,125,65,0.8195237521070299
2024-11-26,52,1,133,49,0.9795591612784051
2024-11-27,35,6,106,30,0.8699790927294797
2024-11-28,57,6,111,55,0.9102634781325628
2024-11-29,46,10,128,48,0.8719086289040008
2024-11-30,51,5,108,51,0.8251604672692103
2024-12-01,47,5,89,52,0.9178663289895457
2024-12-02,55,10,91,60,0.9050281703539259
2024-12-03,44,5,104,35,0.8405987118382394
2024-12-04,41,6,74,40,0.8903738089304556
2024-12-05,50,8,97,51,0.9593895008031292
2024-12-06,62,2,121,59,0.9180852206215783
2024-12-07,52,6,56,52,0.819383465413399
2024-12-08,41,1,130,40,0.909604299445827
2024-12-09,50,4,122,52,0.9405476598579174
2024-12-10,37,10,90,43,0.9585406811561503
2024-12-11,43,3,110,39,0.9258235157268534
2024-12-12,51,9,100,43,0.8305316329081568
2024-12-13,56,3,124,65,0.9420346533180322
2024-12-14,50,6,119,52,0.9354683692163033
2024-12-15,48,1,71,56,0.8048853765881266
2024-12-16,42,6,111,38,0.8823495335180487
2024-12-17,47,4,95,45,0.8665900493924747
2024-12-18,53,8,101,61,0.9338824128507287
2024-12-19,55,9,85,57,0.8432271624621842
2024-12-20,44,4,134,41,0.9181743845948517
2024-12-21,57,10,120,64,0.9826411923628344
2024-12-22,53,10,85,44,0.9595604744417215
2024-12-23,39,6,73,46,0.984291547243306
2024-12-24,58,1,92,65,0.9957011933865381
2024-12-25,54,4,108,54,0.8021340254012326
2024-12-26,45,7,104,35,0.9245482552754956
2024-12-27,43,1,125,46,0.8825678795517813
2024-12-28,43,8,115,48,0.9719708980670243
2024-12-29,48,10,119,48,0.8503629404018264
2024-12-30,57,6,106,47,0.9962058978230153
2024-12-31,45,5,72,41,0.9227415939087494
2025-01-01,52,10,96,57,0.9587074804457663
2025-01-02,53,9,121,56,0.8171199105645537
2025-01-03,51,2,98,55,0.8366915769517731
2025-01-04,56,5,110,59,0.9516807346068407
2025-01-05,59,6,93,59,0.8043973044078647
2025-01-06,60,7,79,65,0.9633755971787565
2025-01-07,48,5,97,56,0.8027898037383824
2025-01-08,45,9,106,51,0.9314237678122547
2025-01-09,53,1,86,48,0.8730187840463612
2025-01-10,41,7,95,41,0.9222989705438398
2025-01-11,42,10,81,48,0.9392062813978228
2025-01-12,40,7,122,38,0.8684950438372608
2025-01-13,45,4,94,52,0.8215924896221671
2025-01-14,53,9,129,59,0.8139291735496532
2025-01-15,43,5,130,44,0.9177872045125096
2025-01-16,59,4,98,53,0.9041310707468223
2025-01-17,52,7,79,52,0.9484402018242265
2025-01-18,48,4,58,41,0.9019471020007874
2025-01-19,50,3,70,43,0.8844891580061759
2025-01-20,42,9,72,34,0.8796174356472461
2025-01-21,38,8,127,44,0.8052893805195336
2025-01-22,44,1,102,40,0.8671114403393314
2025-01-23,45,7,107,38,0.9952040315048989
2025-01-24,55,9,55,57,0.9747111152454178
2025-01-25,51,8,76,52,0.8658756134068436
2025-01-26,53,8,117,43,0.9175590810132744
2025-01-27,55,6,105,63,0.9694593491070989
2025-01-28,52,4,97,61,0.8882548673500138
2025-01-29,50,8,111,57,0.8035915727500302
2025-01-30,46,3,132,46,0.814902092363728
2025-01-31,40,9,95,49,0.9020785442697413
2025-02-01,55,2,101,47,0.9938878751351756
2025-02-02,54,2,103,60,0.9386419084437736
2025-02-03,44,7,147,45,0.814183238287714
2025-02-04,57,10,58,56,0.8378721751583726
2025-02-05,45,4,113,42,0.95426462864337
2025-02-06,47,10,97,51,0.968287951991249
2025-02-07,62,8,111,56,0.9235389172377182
2025-02-08,66,9,86,59,0.9288846339259633
2025-02-09,43,7,99,52,0.8056674900766769
2025-02-10,59,5,114,67,0.9657060519163017
2025-02-11,57,8,162,50,0.9576550416341659
2025-02-12,54,4,116,58,0.8518070288206695
2025-02-13,44,2,83,50,0.9417353439931014
2025-02-14,65,6,91,66,0.8429709212849996
2025-02-15,42,9,90,34,0.8080660322103026
2025-02-16,62,1,64,61,0.8402273085180755
2025-02-17,54,10,93,58,0.8357257753508599
2025-02-18,65,7,114,64,0.8675495993469695
2025-02-19,46,10,74,53,0.8836898994350917
2025-02-20,44,9,120,34,0.9017077782995416
2025-02-21,37,10,109,29,0.8953507751016656
2025-02-22,47,9,85,48,0.8541349211930579
2025-02-23,36,10,97,26,0.8058341337148149
2025-02-24,51,3,131,43,0.9210203244474302
2025-02-25,46,5,114,38,0.8791489659694709
2025-02-26,60,8,100,54,0.8597344314775099
2025-02-27,44,8,95,52,0.9733882085661025
2025-02-28,59,4,101,49,0.9493486615596319
2025-03-01,59,1,89,52,0.9715531096744885
2025-03-02,64,1,57,57,0.8989965589424922
2025-03-03,56,4,140,62,0.8261862504253555
2025-03-04,50,6,103,53,0.9392442872242545
2025-03-05,56,8,107,63,0.8412147559874351
2025-03-06,48,6,98,38,0.8882459338183434
2025-03-07,44,9,85,49,0.8130001577897777
2025-03-08,47,9,96,39,0.9650616804845965
2025-03-09,46,2,68,44,0.8251881282095002
2025-03-10,32,10,145,25,0.980619501409862
2025-03-11,48,1,75,42,0.9728461204523114
2025-03-12,56,2,79,56,0.8929165528878492
2025-03-13,48,5,91,46,0.9488736408607982
2025-03-14,65,4,125,57,0.9238890147636307
2025-03-15,52,4,100,47,0.960615128467549
2025-03-16,65,9,75,65,0.8863610201571824
2025-03-17,52,8,125,50,0.95716169684887
2025-03-18,44,6,114,48,0.8924913634130296
2025-03-19,44,1,110,36,0.9881931575685587
2025-03-20,56,2,114,46,0.8972744201650296
2025-03-21,48,6,147,57,0.892523854386746
2025-03-22,54,2,143,62,0.9570143723127026
2025-03-23,57,10,86,60,0.9643155383521675
2025-03-24,44,5,132,50,0.9108978228642342
2025-03-25,52,5,107,55,0.8359595626990151
2025-03-26,39,6,109,45,0.893551646191516
2025-03-27,45,6,66,48,0.9936145005819357
2025-03-28,59,6,96,60,0.9505972386078371
2025-03-29,53,2,83,58,0.9622325207758264
2025-03-30,38,10,116,28,0.806565099763848
2025-03-31,47,3,121,49,0.893571892526832
2025-04-01,55,6,58,50,0.929324226731511
2025-04-02,38,8,99,44,0.966006536725615
2025-04-03,54,1,122,55,0.8098547307165543
2025-04-04,58,1,96,66,0.9704877771283746
2025-04-05,50,2,114,45,0.9096801873483824
2025-04-06,58,6,107,54,0.839462794115212
2025-04-07,54,9,106,44,0.86345104328994
2025-04-08,45,4,94,35,0.8563859103503122
2025-04-09,57,3,75,51,0.9061718068576952
2025-04-10,58,8,77,53,0.8103371359822265
2025-04-11,54,10,114,59,0.8317072316999847
2025-04-12,54,9,100,59,0.9625386086751565
2025-04-13,52,5,97,55,0.8265207981493623
2025-04-14,42,9,91,32,0.8466792538916255
2025-04-15,59,2,93,61,0.8906741211208314
2025-04-16,58,3,120,67,0.9034241776226661
2025-04-17,46,7,93,45,0.9527220959228317
2025-04-18,42,7,73,41,0.8894664853332376
2025-04-19,58,6,114,56,0.9579729242071078
2025-04-20,53,6,95,55,0.9236692614090916
2025-04-21,53,2,100,45,0.8226199478847646
2025-04-22,56,10,132,63,0.8312662876785678
2025-04-23,56,6,99,65,0.8874067450899542
2025-04-24,69,4,105,60,0.8793778786178079
2025-04-25,54,3,76,60,0.948708853927459
2025-04-26,46,2,95,54,0.9161474279594704
2025-04-27,37,1,112,39,0.8776266162004499
2025-04-28,47,5,68,49,0.8341520566900772
2025-04-29,55,2,104,45,0.845367420465099
2025-04-30,56,2,102,47,0.9151002036938118
2025-05-01,50,7,100,40,0.8846877609799585
2025-05-02,54,8,120,48,0.9029855017721344
2025-05-03,48,10,106,40,0.8341354870604468
2025-05-04,42,8,129,38,0.9325812504689132
2025-05-05,54,4,80,56,0.9705077481711935
2025-05-06,38,1,102,45,0.8515879013573802
2025-05-07,53,7,101,49,0.8983028451663654
2025-05-08,66,1,78,56,0.9951054658041804
2025-05-09,49,4,119,43,0.8666483481101456
2025-05-10,48,8,146,54,0.9190092689847522
2025-05-11,48,2,99,45,0.818039140040049
2025-05-12,60,6,110,64,0.9212030004958887
2025-05-13,43,6,101,52,0.8179263546609237
2025-05-14,53,9,85,46,0.9918470870647644
2025-05-15,59,5,63,50,0.9431325304144623
2025-05-16,71,10,85,65,0.9576319576271413
2025-05-17,59,4,72,49,0.9408208721543274
2025-05-18,56,5,134,50,0.9179458072152932
2025-05-19,41,10,97,36,0.8899825562171011
2025-05-20,62,5,93,53,0.9716746759522125
2025-05-21,57,8,117,47,0.9913671335086126
2025-05-22,40,10,77,33,0.8998072345808162
2025-05-23,54,8,84,50,0.9863070098310525
2025-05-24,43,2,101,33,0.9166665819977036
2025-05-25,36,7,120,26,0.9076768373792866
2025-05-26,45,8,110,42,0.8908965465910713
2025-05-27,46,6,104,55,0.841857552306024
2025-05-28,48,5,101,53,0.8007439321636118
2025-05-29,52,9,108,54,0.8483012453712123
2025-05-30,54,3,104,61,0.901944634320713
2025-05-31,56,10,79,65,0.8759919904519505
2025-06-01,50,4,100,49,0.8896970456005268
2025-06-02,41,9,78,42,0.9961296439128099
2025-06-03,52,6,101,42,0.8700544741338656
2025-06-04,51,8,90,50,0.8904365878720216
2025-06-05,46,7,150,44,0.826703110270564
2025-06-06,38,2,99,30,0.8095915464873976
2025-06-07,30,3,71,38,0.9550819029184989
2025-06-08,48,1,97,46,0.9141366350143958
2025-06-09,51,9,110,50,0.952140961208779
2025-06-10,57,7,133,65,0.8299725597773103
2025-06-11,42,1,88,47,0.9143657542365382
2025-06-12,53,3,68,60,0.8507284948682752
2025-06-13,54,4,116,57,0.845612363380004
2025-06-14,55,4,72,47,0.8023052028105971
2025-06-15,47,5,91,38,0.8260681447138144
2025-06-16,38,3,94,28,0.8618536222999391
2025-06-17,51,3,98,58,0.8233757521181878
2025-06-18,49,1,113,47,0.9971716880821875
2025-06-19,50,7,86,52,0.8617265297047901
2025-06-20,38,10,94,29,0.8260647893404657
2025-06-21,44,1,99,40,0.8398164625655916
2025-06-22,59,2,102,64,0.9175406456682953
2025-06-23,43,4,101,51,0.8128087047729577
2025-06-24,53,4,108,57,0.9724868260282313
2025-06-25,51,5,116,51,0.9922999358474295
2025-06-26,43,2,107,33,0.8493494841334762
2025-06-27,37,4,109,33,0.8900190537181719
2025-06-28,45,1,68,54,0.8044268902058994
2025-06-29,59,2,101,56,0.9281420449454443
2025-06-30,55,1,109,54,0.8827852116105178
2025-07-01,47,10,114,41,0.8540116932203112
2025-07-02,59,10,86,57,0.8413674221233217
2025-07-03,49,4,86,39,0.9308046155317521
2025-07-04,50,4,88,41,0.8832434062064629
2025-07-05,61,7,110,69,0.8359318578059824
2025-07-06,45,10,120,48,0.9378218162973648
2025-07-07,62,9,91,71,0.9130144566073387
2025-07-08,53,9,118,52,0.9717344109858992
2025-07-09,55,5,102,53,0.8234951797752986
2025-07-10,42,10,97,41,0.9571333203888912
2025-07-11,72,1,95,67,0.9347033573634518
2025-07-12,59,1,114,65,0.8230021873656196
2025-07-13,44,6,106,39,0.9389641459743442
2025-07-14,49,2,145,42,0.8883094577759661
2025-07-15,47,8,82,56,0.9889969571111686
2025-07-16,42,9,110,34,0.82832227012358
2025-07-17,71,4,89,79,0.9285666781631476
2025-07-18,53,5,82,60,0.8763960090925892
2025-07-19,56,8,99,49,0.9913629341181756
2025-07-20,44,3,102,41,0.8659949790580553
2025-07-21,42,5,158,48,0.99243718189836
2025-07-22,46,3,96,40,0.9802971702201498
2025-07-23,48,10,77,50,0.8540766470621313
2025-07-24,52,3,105,42,0.9607083553652855
2025-07-25,42,3,58,44,0.9991208403607013
2025-07-26,53,7,98,46,0.8505326004342565
2025-07-27,58,7,100,61,0.887355433864664
2025-07-28,52,7,115,44,0.9040361473133519
2025-07-29,43,10,119,37,0.8589862271607729
2025-07-30,45,8,89,41,0.803052967929206
2025-07-31,51,5,96,41,0.8440258488395054
2025-08-01,32,5,84,33,0.8563873768683518
2025-08-02,49,4,77,49,0.8887199402636374
2025-08-03,46,7,106,43,0.8342204956826804
2025-08-04,32,10,74,27,0.9746508713383345
2025-08-05,53,4,91,44,0.9409822265462673
2025-08-06,49,2,80,57,0.8170400955119325
2025-08-07,50,4,110,59,0.9300184902279863
2025-08-08,41,8,136,50,0.9307312952811241
2025-08-09,46,9,73,49,0.9912442347287256
2025-08-10,43,3,62,33,0.8006041742712323
2025-08-11,72,7,97,71,0.8495864899611615
2025-08-12,54,9,100,59,0.985558295875063
2025-08-13,59,4,104,52,0.9864267830796566
2025-08-14,54,10,91,54,0.9441172838741275
2025-08-15,65,3,95,70,0.9531526642095081
2025-08-16,50,5,107,59,0.8182965915859295
2025-08-17,59,1,120,49,0.9027751669556467
2025-08-18,54,3,60,59,0.8463165982577999
2025-08-19,44,8,92,52,0.8362436087227235
2025-08-20,48,8,104,46,0.9620606598246665
2025-08-21,40,4,81,38,0.8270076273361096
2025-08-22,59,2,134,57,0.893730327399277
2025-08-23,51,8,87,57,0.9877156479172067
2025-08-24,60,8,99,61,0.8371664111130686
2025-08-25,46,10,111,48,0.9955986847476469
2025-08-26,57,4,88,54,0.9988575971522118
2025-08-27,57,3,63,62,0.9111234309364806
2025-08-28,57,2,91,64,0.8340285480354316
2025-08-29,51,9,120,41,0.8632209775881792
2025-08-30,46,1,93,36,0.8848985665353071
2025-08-31,48,7,83,49,0.8618648448716446
2025-09-01,48,5,118,43,0.8561271159753032
2025-09-02,44,8,93,42,0.9944459418432715
2025-09-03,44,4,89,38,0.8306729654831492
2025-09-04,52,7,102,57,0.9466655817433725
2025-09-05,52,5,115,59,0.800082057887835
2025-09-06,47,5,147,53,0.9192365338804753
2025-09-07,50,9,116,57,0.9831886007908105
2025-09-08,47,9,123,37,0.8575868188186438
2025-09-09,52,9,89,60,0.8371051950515439
2025-09-10,52,6,79,49,0.9303359589756854
2025-09-11,57,6,101,49,0.9425202814596787
2025-09-12,67,5,102,61,0.9376061037903962
2025-09-13,43,9,78,40,0.8638633760042749
2025-09-14,53,10,96,61,0.8504404804318662
2025-09-15,47,8,107,54,0.9911837599924088
2025-09-16,50,7,107,57,0.9846599016539859
2025-09-17,45,7,110,35,0.891463321978564
2025-09-18,57,6,105,61,0.9692387732308747
2025-09-19,46,5,89,53,0.8904646955268593
2025-09-20,55,4,89,51,0.8848778036145021
2025-09-21,48,3,76,53,0.831352589519859
2025-09-22,42,3,135,47,0.8852812112983945
2025-09-23,43,6,100,47,0.9074833877199614
2025-09-24,54,4,95,49,0.8045008654857373
2025-09-25,51,6,81,49,0.8888226010350813
2025-09-26,69,3,158,65,0.95627124367904
2025-09-27,57,4,78,60,0.9360092112748539
2025-09-28,66,9,91,66,0.927031397772787
2025-09-29,44,5,108,49,0.9819110856874405
2025-09-30,52,7,112,47,0.8036064019650461
2025-10-01,47,10,119,52,0.9114095172384469
2025-10-02,56,2,136,65,0.9574697696819414
2025-10-03,57,5,110,62,0.9082670765402535
2025-10-04,53,9,78,54,0.8647791105160758
2025-10-05,53,3,94,59,0.8272501130183956
2025-10-06,52,9,106,46,0.9775126143632382
2025-10-07,55,6,141,57,0.8941524784775207
2025-10-08,44,4,72,41,0.9756230393971403
2025-10-09,52,7,124,46,0.9171704244866337
2025-10-10,44,8,103,45,0.9348384233230002
2025-10-11,52,6,116,50,0.96085223087569
2025-10-12,54,5,97,46,0.9318311089200269
2025-10-13,48,6,83,40,0.8796109681357875
2025-10-14,41,5,115,31,0.9027266767857303
2025-10-15,55,8,113,62,0.9606091049351759
2025-10-16,45,1,119,46,0.8747300592745969
2025-10-17,43,7,99,41,0.8776242913536995
2025-10-18,44,10,88,42,0.8191380232116002
2025-10-19,37,10,68,44,0.9829168870443495
2025-10-20,37,2,116,44,0.8182072629890884
2025-10-21,44,9,108,40,0.9296418354897111
2025-10-22,60,1,80,53,0.8826388957605595
2025-10-23,51,10,89,53,0.8811238780510885
2025-10-24,46,6,90,52,0.9359103673145368
2025-10-25,51,9,70,42,0.8134187465259758
2025-10-26,49,1,83,52,0.918741156590287
2025-10-27,51,4,77,43,0.954406357194471
2025-10-28,42,4,91,36,0.9656425515773188
2025-10-29,43,9,85,46,0.8341060778787551
2025-10-30,39,5,67,31,0.9794838100156348
2025-10-31,56,5,140,52,0.9312292183694885
2025-11-01,53,6,125,60,0.9763709601641366
2025-11-02,63,1,84,65,0.8970561434220397
2025-11-03,48,1,105,47,0.9084066690194404
2025-11-04,51,9,108,53,0.9838076554057342
2025-11-05,50,3,123,55,0.9799819086709344
2025-11-06,38,4,83,36,0.8896321746738004
2025-11-07,41,1,121,32,0.8548825263271363
2025-11-08,56,9,89,50,0.8786340869128528
2025-11-09,45,8,73,51,0.8775528657059499
2025-11-10,51,2,114,44,0.8573733749965589
2025-11-11,48,8,125,54,0.8537159208665933
2025-11-12,52,7,151,50,0.972212587295944
2025-11-13,62,6,76,71,0.8139723841369324
2025-11-14,40,1,113,31,0.9355222364199188
2025-11-15,47,7,91,54,0.8345640102912905
2025-11-16,59,10,115,59,0.8689011786788127
2025-11-17,57,7,70,59,0.8123086068269674
2025-11-18,38,9,74,35,0.8539947273710924
2025-11-19,42,1,84,32,0.9536842142234484
2025-11-20,47,2,101,53,0.9770030649094518
2025-11-21,53,9,87,54,0.8443054303804735
2025-11-22,41,9,113,34,0.8927095678517843
2025-11-23,62,6,120,64,0.8940648095874413
2025-11-24,52,6,111,50,0.9747150611519468
2025-11-25,42,4,132,38,0.9525598105751611
2025-11-26,48,4,108,42,0.90261544367361
2025-11-27,47,5,75,41,0.9341494400943546
2025-11-28,46,3,127,52,0.9694710107818734
2025-11-29,49,1,87,47,0.801907790805109
2025-11-30,53,1,118,48,0.8805780062100097
2025-12-01,52,7,131,60,0.9814486334554158
2025-12-02,42,1,109,47,0.9480626061687902
2025-12-03,56,1,70,47,0.9085682748668149
2025-12-04,41,3,81,40,0.9059289054070268
2025-12-05,46,10,126,51,0.8695540195208876
2025-12-06,54,4,96,48,0.9041041067283029
2025-12-07,57,4,101,61,0.9310766398926906
2025-12-08,46,2,115,48,0.8836726076857586
2025-12-09,50,1,113,52,0.9428306292784348
2025-12-10,41,3,105,43,0.9722464454520772
2025-12-11,49,4,95,53,0.8309369696369723
2025-12-12,47,3,93,50,0.890309404563485
2025-12-13,58,8,117,55,0.8816040182570163
2025-12-14,56,10,111,56,0.9374929608099456
2025-12-15,48,1,94,55,0.8499734930515859
2025-12-16,56,2,121,49,0.9280501829904553
2025-12-17,51,7,97,50,0.9754978483462976
2025-12-18,68,4,82,58,0.8836263199587245
2025-12-19,40,8,84,34,0.982203139995844
2025-12-20,49,3,80,51,0.9986327477866956
2025-12-21,39,6,94,29,0.8212184099895905
2025-12-22,41,9,124,38,0.8466106375969717
2025-12-23,55,1,83,47,0.9900759502964187
2025-12-24,47,1,103,39,0.9916655372962774
2025-12-25,49,8,86,45,0.8195414550773518
2025-12-26,56,3,94,49,0.8029997000754274
2025-12-27,54,5,69,46,0.8322200046512845
2025-12-28,45,1,95,49,0.9992025566764496
2025-12-29,49,5,96,46,0.8359999233221374
2025-12-30,53,6,110,45,0.9005095213444047
2025-12-31,53,8,104,49,0.9696835452861022
2026-01-01,36,3,76,43,0.8040803221376414
2026-01-02,41,3,121,41,0.9208977964516919
2026-01-03,50,10,104,50,0.8554050897739249
2026-01-04,32,9,103,38,0.9724669832879463
2026-01-05,55,4,99,50,0.8566922298528159
2026-01-06,37,4,89,34,0.9373511440563818
2026-01-07,47,7,104,37,0.9348439264894794
2026-01-08,47,2,109,46,0.844298709771928
2026-01-09,53,8,65,61,0.80695983997367
2026-01-10,42,6,89,34,0.8818499147570795
2026-01-11,53,3,94,46,0.857838630393174
2026-01-12,45,9,105,45,0.9617955499227417
2026-01-13,46,5,123,50,0.9600728376910691
2026-01-14,53,8,84,43,0.8914047904385252
2026-01-15,43,7,90,41,0.9213024450646438
2026-01-16,52,8,89,52,0.9208519031973851
2026-01-17,53,7,83,61,0.9654316296855247
2026-01-18,57,3,93,59,0.8850004828246395
2026-01-19,52,2,115,57,0.8550893359581019
2026-01-20,57,7,78,50,0.8530069836281096
2026-01-21,41,3,108,31,0.9072384558564408
2026-01-22,63,3,65,72,0.8898296405464425
2026-01-23,47,2,88,49,0.8880241541969872
2026-01-24,49,4,93,39,0.8182274678179415
2026-01-25,65,8,133,59,0.9437207481380392
2026-01-26,40,1,94,34,0.8427473375963822
2026-01-27,60,1,55,63,0.8393907260417444
2026-01-28,45,5,60,48,0.8825516640554787
2026-01-29,62,5,100,59,0.8455556683235603
2026-01-30,56,1,112,49,0.916771653461603
2026-01-31,58,6,107,54,0.8742926678668943
2026-02-01,56,1,103,65,0.8897823445185581
2026-02-02,42,5,123,50,0.9074338643208057
2026-02-03,33,9,89,37,0.840707104496361
2026-02-04,41,5,117,34,0.831150324573106
2026-02-05,57,6,67,65,0.976084380574721
2026-02-06,50,8,81,48,0.8867447405662843
2026-02-07,55,1,63,57,0.8824187219265078
2026-02-08,52,2,94,55,0.8071224300545683
2026-02-09,46,9,99,49,0.8995952605174786
2026-02-10,54,3,102,53,0.9108339443222
2026-02-11,53,6,101,58,0.9117681741909334
2026-02-12,42,5,81,36,0.9414062338645769
2026-02-13,39,2,96,34,0.8354963669982024
2026-02-14,57,7,70,48,0.8504446268461238
2026-02-15,51,4,127,53,0.9621460930460826
2026-02-16,52,1,93,54,0.9894341233686788
2026-02-17,47,4,90,55,0.8271865494734641
2026-02-18,51,6,131,58,0.8995299109010436
2026-02-19,56,7,75,64,0.8428352505479174
2026-02-20,55,7,77,45,0.8120146336709966
2026-02-21,67,7,78,64,0.8651006676252271
2026-02-22,46,3,98,51,0.8287375250368426
2026-02-23,46,6,108,37,0.9419866146868493
2026-02-24,49,8,114,46,0.9067450827342889
2026-02-25,60,4,151,55,0.8287668941980623
2026-02-26,48,8,55,53,0.8018483176811029
2026-02-27,54,2,112,54,0.9616314098048425
2026-02-28,52,10,88,58,0.8352388812328495
2026-03-01,57,9,88,65,0.9212433284441532
2026-03-02,52,9,87,52,0.8673843826153491
2026-03-03,53,8,81,50,0.9170971876630072
2026-03-04,52,10,133,45,0.8631307253964648
2026-03-05,51,10,116,51,0.8173879121384509
2026-03-06,54,1,100,51,0.8445900017115507
2026-03-07,45,2,127,43,0.8376117132958152
2026-03-08,50,6,69,41,0.8856038704879288
2026-03-09,35,10,73,40,0.9316567566852315
2026-03-10,56,5,56,51,0.8527612149892716
2026-03-11,56,9,86,64,0.8024139870601237
2026-03-12,49,5,103,46,0.9037874728529514
2026-03-13,46,2,102,49,0.9211518978717944
2026-03-14,38,10,102,43,0.992574098800362
2026-03-15,52,4,71,53,0.9178941606186494
2026-03-16,53,9,116,47,0.8942345118756284
2026-03-17,53,1,104,61,0.9146803251795408
2026-03-18,40,1,114,47,0.9855801259724054
2026-03-19,58,7,62,56,0.9656756291203292
2026-03-20,51,3,106,42,0.8645957466727616
2026-03-21,43,10,76,52,0.8474508727314275
2026-03-22,46,2,92,47,0.8525267224732147
2026-03-23,45,9,110,36,0.9008842079430426
2026-03-24,46,3,101,45,0.9488098902457156
2026-03-25,45,2,82,35,0.9006438414365925
2026-03-26,59,8,100,52,0.8135592791656225
2026-03-27,43,10,69,44,0.9447161400879962
2026-03-28,49,6,123,47,0.9611940257341908
2026-03-29,41,6,95,34,0.8578995730239439
2026-03-30,55,10,122,53,0.93282514785667
2026-03-31,49,7,89,44,0.8853183802108787
2026-04-01,56,7,89,46,0.9778238711454885
2026-04-02,52,6,84,51,0.969045111632148
2026-04-03,55,4,117,58,0.9050863996619285
2026-04-04,67,9,85,74,0.9383011091627189
2026-04-05,35,6,112,30,0.9766699402044208
2026-04-06,45,4,92,52,0.8991434020156551
2026-04-07,61,3,60,70,0.8626501480977644
2026-04-08,45,4,88,50,0.9507332275819163
2026-04-09,49,3,76,53,0.8440132509569384
2026-04-10,36,2,100,41,0.8777062296012085
2026-04-11,30,5,76,27,0.9731454474213588
2026-04-12,61,2,118,63,0.9448844680538631
2026-04-13,51,6,98,51,0.8807622010494999
2026-04-14,47,3,96,43,0.8429489004816715
2026-04-15,64,6,113,70,0.8711936781664473
2026-04-16,48,10,119,55,0.8568208298454867
2026-04-17,45,9,99,53,0.8352178575887708
2026-04-18,43,1,84,45,0.9486665827131313
2026-04-19,49,6,64,53,0.8504139773700343
2026-04-20,52,9,86,42,0.8908334940335528
2026-04-21,40,4,87,45,0.8771718893672218
2026-04-22,44,2,102,38,0.9964154757271262
2026-04-23,58,4,93,50,0.8782184488296442
2026-04-24,50,1,113,49,0.815996496559351
2026-04-25,59,3,87,67,0.8179651505144169
2026-04-26,37,10,98,31,0.9181507442706129
2026-04-27,51,9,123,47,0.9198727103476532
2026-04-28,49,10,106,52,0.883751798096531
2026-04-29,58,5,98,50,0.8863687384624059
2026-04-30,49,6,87,51,0.8107865165681742
2026-05-01,53,3,87,55,0.9033093020778524
2026-05-02,36,5,82,35,0.9009478950760703
2026-05-03,57,8,89,48,0.829909863711389
2026-05-04,43,6,115,38,0.8207678772221856
2026-05-05,42,4,95,39,0.8247144981198982
2026-05-06,56,2,73,49,0.8202056492982518
2026-05-07,44,9,135,45,0.9219416391073519
2026-05-08,49,1,106,53,0.8392965304805837
2026-05-09,51,1,71,48,0.8502860304374927
2026-05-10,39,4,91,35,0.834714428830288
2026-05-11,57,7,102,60,0.9915670608897006
2026-05-12,43,1,134,51,0.9709234926303671
2026-05-13,45,9,77,48,0.8460989674703042
2026-05-14,52,4,119,54,0.8655132587844252
2026-05-15,57,3,127,47,0.8419785684609995
2026-05-16,62,1,87,70,0.8983751918921647
2026-05-17,42,10,94,32,0.8039221064948507
2026-05-18,57,4,79,50,0.9342736017793591
2026-05-19,41,9,95,40,0.9046316299635283
2026-05-20,43,10,99,35,0.9797277856602207
2026-05-21,53,6,113,62,0.8328785368656829
2026-05-22,49,6,121,47,0.9608218492122264
2026-05-23,57,1,85,49,0.9583922028933431
2026-05-24,70,10,60,65,0.8254362378433774
2026-05-25,53,2,99,48,0.8797118448288256
2026-05-26,60,6,105,61,0.8340305282289034
2026-05-27,42,2,104,32,0.8509441000915098
2026-05-28,51,3,93,56,0.8526492349661089
2026-05-29,38,4,102,32,0.9112472788051545
2026-05-30,43,5,130,41,0.8822821863520931
2026-05-31,57,9,107,56,0.989546560801261
2026-06-01,54,4,92,56,0.8252740283894011
2026-06-02,49,9,89,53,0.9947384269700398
2026-06-03,49,10,96,50,0.8461277280428529
2026-06-04,50,3,132,44,0.9545747872763706
2026-06-05,46,8,96,40,0.8677939852345643
2026-06-06,55,1,99,62,0.8286162790834628
2026-06-07,39,9,90,40,0.971577837049248
2026-06-08,41,9,121,33,0.8617721798472927
2026-06-09,49,10,139,45,0.9317710808453684
2026-06-10,53,2,109,59,0.9132887370173254
2026-06-11,47,4,101,55,0.8943512618781749
2026-06-12,53,8,100,60,0.8991638945297078
2026-06-13,54,7,52,44,0.9464475828184575
2026-06-14,54,1,114,48,0.8175545828246882
2026-06-15,44,5,102,35,0.933636132391581
2026-06-16,45,7,108,35,0.9791624202797158
2026-06-17,54,4,85,50,0.8115576394039729
2026-06-18,46,1,92,46,0.8281306678467334
2026-06-19,59,9,91,59,0.9433263873404063
2026-06-20,56,5,120,63,0.8874563296489235
2026-06-21,45,2,92,51,0.8807097241627377
2026-06-22,54,8,141,45,0.8273933269088473
2026-06-23,40,2,108,36,0.9013540081435576
2026-06-24,49,3,74,45,0.8253090622392755
2026-06-25,51,10,97,50,0.8953240912621081
2026-06-26,48,1,86,40,0.9527230597923313
2026-06-27,45,2,56,46,0.8516528715774327
2026-06-28,55,7,131,47,0.8961572336359455
2026-06-29,58,10,114,58,0.9984031938793672
2026-06-30,59,2,110,60,0.9373300846708075
2026-07-01,54,6,103,47,0.9682713542610397
2026-07-02,39,3,72,44,0.8829695213121092
2026-07-03,46,4,90,55,0.953572184625171
2026-07-04,46,8,116,53,0.8081018345882645
2026-07-05,55,3,78,48,0.8245822365084491
2026-07-06,61,10,49,56,0.8406141185840125
2026-07-07,54,6,95,58,0.8803903849230439
2026-07-08,60,1,97,50,0.9691489756651527
2026-07-09,38,7,102,30,0.8692532101575862
2026-07-10,57,8,114,51,0.9309242387030926
2026-07-11,59,8,112,65,0.9418628589606967
2026-07-12,52,3,105,55,0.9172364708176683
2026-07-13,39,10,123,37,0.8714483936340273
2026-07-14,54,1,69,46,0.9154106683427089
2026-07-15,60,9,110,62,0.8684531185579493
2026-07-16,50,6,112,42,0.8167747477104025
2026-07-17,46,9,75,46,0.9985607956372029
2026-07-18,56,7,69,47,0.8254364907265023
2026-07-19,60,1,85,64,0.8144696767672115
2026-07-20,52,1,86,54,0.9757061498414312
2026-07-21,52,6,115,60,0.8603669321785791
2026-07-22,44,5,87,49,0.9300593948147016
2026-07-23,39,9,82,46,0.8658011459324466
2026-07-24,50,2,87,46,0.8782908541588943
2026-07-25,66,8,122,68,0.8524225944033593
2026-07-26,55,5,100,48,0.8686088011586021
2026-07-27,53,2,96,51,0.8821400801173086
2026-07-28,45,10,97,44,0.9440832138184686
2026-07-29,49,6,125,47,0.9023072388469584
2026-07-30,41,10,85,37,0.9887130434313953
2026-07-31,50,8,126,54,0.8083760787677552
2026-08-01,52,4,104,49,0.9006136645264057
2026-08-02,43,2,96,51,0.9168449577663437
2026-08-03,44,5,150,44,0.9840393972148548
2026-08-04,40,2,78,34,0.8098317047242856
2026-08-05,57,2,92,48,0.9146999169870432
2026-08-06,50,6,75,49,0.9707259857055914
2026-08-07,63,10,119,68,0.8483855456238474
2026-08-08,38,9,133,40,0.9752584697047875
2026-08-09,40,4,133,37,0.8038086818548584
2026-08-10,50,6,124,48,0.946490925826746
2026-08-11,50,7,96,50,0.9866226442337306
2026-08-12,45,6,92,45,0.9314395323280125
2026-08-13,48,8,66,53,0.8878058487960896
2026-08-14,61,4,140,60,0.8089762032945437
2026-08-15,52,1,109,53,0.9840227626645257
2026-08-16,57,7,90,52,0.894059244538315
2026-08-17,53,3,126,54,0.8057993488671896
2026-08-18,45,6,80,44,0.9379642142657524
2026-08-19,52,2,108,59,0.8963674507152517
2026-08-20,40,9,96,47,0.8248690634884822
2026-08-21,49,1,112,42,0.842854361862052
2026-08-22,40,6,98,38,0.8128981360911693
2026-08-23,55,6,70,51,0.9148587079417148
2026-08-24,38,5,101,45,0.9244058958504019
2026-08-25,64,5,120,61,0.9011484596710889
2026-08-26,54,1,99,54,0.963420426600523
2026-08-27,52,10,115,48,0.9722017642616028
2026-08-28,53,5,79,51,0.9231248793366253
2026-08-29,52,2,99,49,0.8025512959414861
2026-08-30,55,7,87,47,0.9390459311495472
2026-08-31,61,3,114,67,0.8835998433840704
2026-09-01,51,4,100,42,0.9131114966452775
2026-09-02,46,3,113,50,0.9298161204037769
2026-09-03,52,3,121,55,0.8700473228654154
2026-09-04,40,4,113,47,0.9834197010343588
2026-09-05,47,5,105,52,0.8267949733499563
2026-09-06,53,1,80,62,0.9343023614562075
2026-09-07,54,4,99,47,0.8008719159913161
2026-09-08,54,8,89,63,0.9849302210810362
2026-09-09,46,10,93,41,0.8225008266476184
2026-09-10,49,7,92,44,0.8189768460295149
2026-09-11,57,9,80,57,0.8666015266104489
2026-09-12,62,5,60,68,0.8747132572078161
2026-09-13,46,10,86,38,0.8428600144645757
2026-09-14,47,4,103,49,0.917024332185425
2026-09-15,54,8,73,46,0.8885828196083927
2026-09-16,47,9,100,52,0.8068351178082175
2026-09-17,48,7,138,52,0.8639304124510602
2026-09-18,60,7,120,60,0.9620865827146341
2026-09-19,42,5,132,49,0.9379403069723737
2026-09-20,53,4,107,57,0.9449741707159761
2026-09-21,47,10,123,41,0.9396233848167047
2026-09-22,48,1,85,53,0.8621946042766067
2026-09-23,54,10,87,59,0.8199327844153552
2026-09-24,47,10,45,53,0.8544934368066193
2026-09-25,54,7,123,52,0.9663570600370319
2026-09-26,50,1,130,42,0.9960941595566142
